Area,Population,Percent_Population_Aged_55_to_64,Percent_Population_65_and_over,Median_Age,Death_Rate_per_1000,Percent_Urban_Population,Infant_Mortality_Rate,Life_Expectancy,Access_to_Improved_Drinking_Water,Access_to_Improved_Sanitation_Facility,Major_Infectious_Disease_Count,Literacy_Rate,School_Life_Expectancy,GDP_Purchasing_Power,GDP_Agriculture,GDP_Industry,GDP_Services,Labor_Force,Unemployment_Rate,Public_Debt,Access_to_Electricity,Access_to_Internet,Percent_Forest,Physician_Density,Hospital_Bed_Density,Major_Infectious_Disease_Risk,Percent_Obesity,Education_Expenditure,Population_in_Poverty,code,capital_lat,capital_long
652230,36643815,4.01,2.68,19.5,12.7,26,104.3,52.8,70.2,53.2,5,43,10,6.945e+10,23,21.1,55.9,8478000,23.9,7,84.1,13.5,2.07,0.28,0.4,1,5.5,4.1,54.5,AFG,34.5166666667,69.1833333333
28748,3074579,11.94,13.03,34.3,7.1,62.1,10.8,79,96.2,99.8,NA,98.1,15,3.601e+10,21.7,24.2,54.1,1198000,13.8,71.8,100,71.85,28.12,1.22,2.9,NA,21.7,4,14.3,ALB,41.3166666667,19.8166666667
2381740,42972878,7.41,6.17,28.9,4.4,73.7,17.6,77.5,98.7,96,NA,81.4,14,6.3e+11,13.3,39.3,47.4,11820000,11.7,27.5,99.4,59.58,0.8,1.79,1.9,NA,27.4,NA,23,DZA,36.75,3.05
224,49437,9.69,6.9,27.2,5.9,87.2,9.9,74.8,100,99,NA,NA,NA,658000000,27.4,12.4,60.2,17850,29.8,12.2,59,31.3,78.1,NA,NA,NA,NA,NA,NA,ASM,-14.2666666667,-170.7
468,77000,15.91,17.36,46.2,7.7,87.9,3.5,83,100,100,NA,100,NA,3.327e+09,11.9,33.6,54.5,39750,3.7,41,100,91.57,34,3.33,2.5,NA,25.6,3.2,NA,AND,42.5,1.5166666667
1246700,32522339,3.43,2.3,15.9,8.5,66.8,62.3,61.3,65.8,70.1,8,71.1,10,1.936e+11,10.2,61.4,28.4,12510000,6.6,65,40.5,14.34,46.3,0.21,NA,3,8.2,3.4,36.6,AGO,-8.8333333333,13.2166666667
91,18090,12.42,9.78,35.7,4.8,100,3.3,81.8,97.5,99.1,NA,NA,NA,175400000,3,10.5,86.4,6049,8,20.1,NA,81.6,61.1,NA,NA,NA,NA,NA,23,AIA,18.2166666667,-63.05
14200000,NA,NA,NA,NA,NA,NA,NA,NA,NA,NA,NA,NA,NA,NA,NA,NA,NA,NA,NA,NA,NA,100,NA,NA,NA,NA,NA,NA,NA,ATA,NA,NA
442.6,98179,10.74,8.91,32.7,5.8,24.4,11.1,77.3,96.7,91.7,NA,99,13,2.398e+09,1.8,20.8,77.3,30000,11,86.8,97.4,76,22.3,2.96,2.9,NA,18.9,2.5,NA,ATG,17.1166666667,-61.85
2780400,45479118,9.07,12.13,32.4,7.4,92.1,9,77.8,99.1,NA,NA,99,18,9.221e+11,10.8,28.1,61.1,18000000,8.4,57.6,100,74.29,10.7,3.99,5,NA,28.3,5.5,25.7,ARG,-34.6,-58.3666666667
29743,3021324,14.08,12.6,36.6,9.5,63.3,11.5,75.6,100,93.6,NA,99.7,13,2.834e+10,16.7,28.2,54.8,1507000,18.9,53.5,100,64.74,9.1,4.4,4.2,NA,20.2,2.7,32,ARM,40.1666666667,44.5
180,119428,14.79,15.05,39.9,8.7,43.7,9.8,77.5,98.1,97.7,NA,97.8,14,4.158e+09,0.4,33.3,66.3,51610,7.7,86,95.6,97.17,2.3,NA,NA,NA,NA,6.2,NA,ABW,12.5166666667,-70.0333333333
7741220,25466459,11.35,15.88,37.5,6.9,86.2,3.1,82.7,100,100,NA,NA,23,1.248e+12,3.6,25.3,71.2,12910000,5.6,40.8,100,86.55,16.2,3.68,3.8,NA,29,5.3,NA,AUS,-35.2666666667,149.1333333333
83871,8859449,14.41,19.87,44.5,9.8,58.7,3.3,81.9,100,100,NA,NA,16,4.41e+11,1.3,28.4,70.3,4260000,5.5,78.6,100,87.71,47.2,5.17,7.4,NA,20.1,5.5,3,AUT,48.2,16.3666666667
86600,10205810,11.41,7.29,32.6,7,56.4,21.3,73.6,94.1,95.1,NA,99.8,13,1.722e+11,6.1,53.5,40.4,5118000,5,54.1,100,79.8,11.3,3.45,4.8,NA,19.9,2.5,4.9,AZE,40.3833333333,49.8666666667
13880,337721,10.04,8.67,32.8,7.4,83.2,10.6,73.3,98.9,98.2,NA,NA,NA,1.206e+10,2.3,7.7,90,196900,10.1,54.6,100,85,51.4,2.01,3,NA,31.6,NA,9.3,BHS,25.0833333333,-77.35
760,1505003,6.89,3.36,32.9,2.8,89.5,8.3,79.4,100,100,NA,97.5,15,7.117e+10,0.3,39.3,60.4,831600,3.6,88.5,100,98.64,0.7,0.93,1.7,NA,29.8,2.3,NA,BHR,26.2333333333,50.5666666667
148460,162650853,7.41,6.82,27.9,5.5,38.2,28.3,74.2,98.6,70.9,9,73.9,11,6.903e+11,14.2,29.3,56.5,66640000,4.4,33.1,75.9,15,11.1,0.54,0.8,2,3.6,2,24.3,BGD,23.7166666667,90.4
430,294560,13.91,13.57,39.5,8.8,31.2,9.6,76,98.5,99.2,NA,99.6,15,5.218e+09,1.5,9.8,88.7,144000,10.1,157.3,100,81.76,19.4,2.48,6,NA,23.1,4.7,NA,BRB,13.1,-59.6166666667
207600,9477918,14.45,15.93,40.9,13.1,79.5,3.5,73.8,99.8,99.4,NA,99.8,15,1.794e+11,8.1,40.8,51.1,4381000,0.8,53.4,100,79.13,42.7,5.19,10.8,NA,24.5,4.8,5.7,BLR,53.9,27.5666666667
30528,11720716,13.14,19.21,41.6,9.8,98.1,3.3,81.4,100,100,NA,NA,20,5.292e+11,0.7,22.1,77.2,5324000,7.1,103.4,100,88.66,22.4,3.07,5.7,NA,22.1,6.5,15.1,BEL,50.8333333333,4.3333333333
22966,399598,6.18,4.53,23.9,4.1,46,11.2,75.3,99.2,96.9,NA,NA,13,3.218e+09,10.3,21.6,68,120500,9,99,92.2,47.08,60.6,1.12,1,NA,24.1,7.4,41,BLZ,17.25,-88.7666666667
112622,12864634,3.15,2.39,17,8.4,48.4,58.7,61.4,76.4,36,7,42.4,13,2.539e+10,26.1,22.8,51.1,3662000,1,54.6,41.4,20,40,0.05,0.5,3,9.6,4,36.2,BEN,6.4833333333,2.6166666667
54,71750,16.37,19.74,43.6,9.1,100,2.5,81.7,100,100,NA,NA,12,6.127e+09,0.9,5.3,93.8,33480,7,43,100,98,20,NA,NA,NA,NA,1.5,11,BMU,32.2833333333,-64.7833333333
38394,782318,6.39,6.6,29.1,6.3,42.3,27,72.1,99.7,78.3,NA,66.6,12,7.205e+09,16.2,41.8,42,397900,3.2,106.3,100,48.11,85.5,0.4,1.7,NA,6.4,6.6,12,BTN,27.4666666667,89.6333333333
1098581,11639909,6.06,5.71,25.3,6.3,70.1,32.2,70.4,92.8,78,3,92.5,NA,8.372e+10,13.8,37.8,48.2,5719000,4,49,93,43.83,52.5,1.59,1.3,3,20.2,7.3,38.6,BOL,-16.5,-68.15
51197,3835586,15.24,16.22,43.3,10.2,49,5.2,77.5,99.9,95.4,NA,98.5,14,4.483e+10,6.8,28.9,64.3,1380000,20.5,39.5,100,70.12,42.8,2.16,3.5,NA,17.9,NA,16.9,BIH,43.8666666667,18.4166666667
581730,2317233,5.92,5.56,25.7,9.2,70.9,26.8,64.8,96.9,82.8,4,88.5,13,3.901e+10,1.8,27.5,70.6,1177000,20,14,60.7,47,19.8,0.53,1.8,2,18.9,9.6,19.3,BWA,-24.6333333333,25.9
49,NA,NA,NA,NA,NA,NA,NA,NA,NA,NA,NA,NA,NA,NA,NA,NA,NA,NA,NA,NA,NA,NA,0,NA,NA,NA,NA,NA,NA,BVT,NA,NA
8515770,211715973,9.78,9.21,33.2,6.9,87.1,15.9,74.7,98.2,88.3,5,93.2,15,3.248e+12,6.6,20.7,72.7,104200000,12.8,84,100,59.7,61.9,2.17,2.1,3,22.1,6.2,4.2,BRA,-15.7833333333,-47.9166666667
60,NA,NA,NA,NA,NA,NA,NA,NA,NA,NA,NA,NA,NA,NA,NA,NA,NA,NA,NA,NA,NA,NA,0,NA,NA,NA,NA,NA,NA,IOT,NA,NA
151,37381,12.51,10.09,37.2,5.4,48.5,11,79.2,100,97.5,NA,NA,14,500000000,0.2,6.8,93.1,12770,2.9,NA,NA,43.6,24.3,NA,NA,NA,NA,3.2,NA,VGB,18.4166666667,-64.6166666667
5765,464478,8.34,5.9,31.1,3.8,78.3,8.8,77.9,100,NA,NA,97.2,14,3.387e+10,1.2,56.6,42.3,203600,6.9,2.8,100,94.6,71.8,1.61,2.9,NA,14.1,4.4,NA,BRN,4.8833333333,114.9333333333
110879,6966899,13.15,20.06,43.7,14.6,75.7,8.1,75,100,100,NA,98.4,15,1.535e+11,4.3,28,67.4,3357000,6.2,23.9,100,64.78,36.7,4.03,7.5,NA,25,4.1,23.4,BGR,42.6833333333,23.3166666667
274200,20835401,3.57,3.16,17.9,8.2,30.6,52,62.7,75.6,46.9,8,41.2,9,3.585e+10,31,23.9,44.9,8501000,77,38.1,19.2,16,19.3,0.08,0.4,3,5.6,4.2,40.1,BFA,12.3666666667,-1.5166666667
676578,56590071,8.22,6.04,29.2,7.2,31.1,31.7,69.3,81.8,73.7,8,75.6,10,3.298e+11,24.1,35.6,40.3,22300000,4,33.6,57,30.68,48.2,0.86,1,3,5.8,2.2,25.6,MMR,16.8,96.15
27830,11865821,4.17,3.06,17.7,6.2,13.7,40.1,66.7,80.3,57.4,8,68.4,11,8.007e+09,39.5,16.4,44.2,5012000,NA,51.7,7.6,2.66,6.6,0.1,0.8,3,5.4,4.8,64.6,BDI,-3.4166666667,29.9166666667
4033,583255,7.12,5.48,26.8,5.9,66.7,19.7,73.2,96.2,79.8,NA,86.8,12,3.777e+09,8.9,17.5,73.7,196100,9,125.8,92.6,58.17,21,0.78,2.1,NA,11.8,5.2,30,CPV,14.9166666667,-23.5166666667
181035,16926984,6.44,4.59,26.4,7.3,24.2,43.7,65.9,80.3,65.7,6,80.5,11,6.421e+10,25.3,32.8,41.9,8913000,0.3,30.4,49.8,40,56.5,0.19,1.9,3,3.9,1.9,16.5,KHM,11.55,104.9166666667
475440,27744989,3.87,3.11,18.5,8.1,57.6,51.5,62.3,76.5,57.7,8,77.1,13,8.954e+10,16.7,26.5,56.8,9912000,4.3,36.9,60.1,23.2,41.7,0.09,1.3,3,11.4,3.1,30,CMR,3.8666666667,11.5166666667
9984670,37694085,14.08,18.98,41.8,7.9,81.6,4.3,83.4,100,100,NA,NA,16,1.774e+12,1.6,28.2,70.2,19520000,6.3,89.7,100,91,34.1,2.31,2.5,NA,29.4,5.3,9.4,CAN,45.4166666667,-75.7
264,61944,14.78,14.24,40.5,6.1,100,5.5,81.6,97.4,95.6,NA,98.9,NA,2.507e+09,0.3,7.4,92.3,39000,4,NA,100,79,52.9,NA,NA,NA,NA,NA,NA,CYM,19.3,-81.3833333333
622984,5990855,4.32,3.35,20,12.3,42.2,80.6,54.2,68.5,21.8,10,37.4,7,3.39e+09,43.2,16,40.8,2242000,6.9,52.9,14,4.34,36.2,0.07,1,3,7.5,1.2,62,CAF,4.3666666667,18.5833333333
1284000,16877357,3.24,2.43,16.1,10,23.5,68.6,58.3,55.7,15.3,10,22.3,8,2.862e+10,52.3,14.7,33.1,5654000,NA,52.5,8.8,6.5,9.1,0.04,NA,3,6.1,2.9,46.7,TCD,12.1,15.0333333333
756102,18186770,11.98,11.81,35.5,6.5,87.7,6.2,79.4,100,100,NA,96.4,16,4.521e+11,4.2,32.8,63,8881000,6.7,23.6,100,82.33,21.9,2.44,2.1,NA,28,5.4,14.4,CHL,-33.45,-70.6666666667
9596960,1394015977,12.08,12.34,38.4,8.2,61.4,11.4,76.1,92.8,90.7,6,96.8,14,2.536e+13,7.9,40.5,51.6,806700000,3.9,47,100,54.3,22.3,1.98,4.3,2,6.2,NA,3.3,CHN,39.9166666667,116.3833333333
135,2205,11.66,5.44,NA,NA,NA,NA,NA,NA,NA,NA,NA,NA,NA,NA,NA,NA,NA,NA,NA,NA,35.8,NA,NA,NA,NA,NA,NA,NA,CXR,-10.4166666667,105.7166666667
14,596,NA,NA,NA,NA,NA,NA,NA,NA,NA,NA,NA,NA,NA,NA,NA,NA,NA,0.1,NA,NA,NA,0,NA,NA,NA,NA,NA,NA,CCK,-12.1666666667,96.8333333333
1138910,49084841,9.93,8.39,31.2,5.6,81.4,12.3,76.6,97.3,94.7,4,95.1,15,7.116e+11,7.2,30.8,62.1,25760000,9.3,49.4,99,62.26,54.4,2.11,1.7,2,22.3,4.5,28,COL,4.6,-74.0833333333
2235,846281,4.49,4.08,20.9,6.9,29.4,55,65.7,91,49,NA,58.8,11,1319000000,47.7,11.8,40.5,278500,6.5,32.4,77.8,8.48,1.4,0.27,2.2,NA,7.8,2.5,44.8,COM,-11.7,43.2333333333
2344858,101780263,3.36,2.47,16.7,8.4,45.6,64.5,61,55.2,40.7,20,77,10,6.86e+10,19.7,43.6,36.7,31360000,NA,18.1,17.1,8.62,67.9,0.07,NA,3,6.7,1.5,63,COD,-4.3166666667,15.3
342000,5293070,4.59,3.2,19.5,8.7,67.8,50.7,61.3,83.7,53.9,8,80.3,11,2.939e+10,9.3,51,39.7,2055000,36,130.8,56.6,8.65,65.6,0.16,NA,3,9.6,4.6,46.5,COG,-4.25,15.2833333333
236,8574,14.15,13.37,38.3,9,75.5,11.9,76.6,100,97.6,2,NA,15,299900000,5.1,12.7,82.1,6820,13.1,NA,NA,54,64.6,1.41,NA,2,55.9,4.7,NA,COK,-21.2,-159.7666666667
51100,5097988,9.99,8.76,32.6,4.9,80.8,7.5,79.2,100,97.8,2,97.9,15,8.394e+10,5.5,20.6,73.9,2229000,8.1,48.9,100,74.09,51.5,2.95,1.1,1,25.7,7.4,21.7,CRI,9.9333333333,-84.0833333333
322463,27481086,3.53,2.85,20.3,7.9,51.7,59.1,61.3,79.2,54.5,9,47.2,10,9.716e+10,20.1,26.6,53.3,8747000,9.4,47,64.3,46.82,32.7,0.23,NA,3,10.3,5.1,46.3,CIV,6.8166666667,-5.2666666667
56594,4227746,14.24,21.06,43.9,12.8,57.6,8.6,76.7,100,99,1,99.3,15,1.021e+11,3.7,26.2,70.1,1559000,12.4,77.8,100,72.69,34.4,3,5.5,1,24.4,4.6,19.5,HRV,45.8,16
110860,11059062,14.11,15.8,42.1,9.1,77.2,4.3,79.2,97.4,95.8,3,99.8,14,1.37e+11,4,22.7,73.4,4691000,2.6,47.7,100,57.15,27.3,8.3,5.3,1,24.6,12.8,NA,CUB,23.1166666667,-82.35
444,151345,13.88,16.52,36.7,8.7,89.1,7,79,100,100,NA,NA,18,3.128e+09,0.7,15.5,83.8,73010,13,33.2,100,93.9,0,NA,NA,NA,NA,4.9,NA,CUW,12.1,-68.9166666667
9251,1266676,11.92,12.97,37.9,7,66.8,7.4,79.3,100,99,NA,99.1,15,3.178e+10,2,12.5,85.5,426600,11.1,97.5,100,84.43,18.8,1.95,3.4,NA,21.8,6.4,NA,CYP,35.1666666667,33.3666666667
78867,10702498,12.12,20.23,43.3,10.7,74.1,2.6,79.3,100,100,NA,99,17,3.759e+11,2.3,36.9,60.8,5427000,2.9,34.7,100,80.69,34.4,4.07,6.6,NA,26,5.6,9.7,CZE,50.0833333333,14.4666666667
43094,5869410,12.63,19.91,42,9.5,88.1,3.2,81.2,100,100,NA,NA,19,2.878e+11,1.3,22.9,75.8,2998000,5.7,35.3,100,97.64,12.9,4.01,2.6,NA,19.7,7.6,13.4,DNK,55.6666666667,12.5833333333
23200,921804,5.01,3.97,24.9,7.3,78.1,41.6,64.7,90.3,70.1,5,NA,6,3.64e+09,2.4,17.3,80.2,294600,40,31.8,51.8,55.68,0.2,0.22,1.4,2,13.5,4.5,23,DJI,11.5833333333,43.15
751,74243,10.53,12.12,34.9,8,71.1,9.7,77.7,NA,NA,NA,NA,NA,783000000,22.3,12.6,65.1,25000,23,82.7,100,69.62,59.2,1.12,3.8,NA,27.9,3.4,29,DMA,15.3,-61.4
48670,10499707,8.17,6.29,27.9,6.3,82.5,20.9,72,96.7,95,4,93.8,14,1.73e+11,5.6,33,61.4,4732000,5.1,37.2,100,74.82,40.8,1.56,1.6,2,27.6,NA,30.5,DOM,18.4666666667,-69.9
283561,16904867,7.92,8.15,28.8,5.2,64.2,15,77.5,94,97.1,5,92.8,16,1.93e+11,6.7,32.9,60.4,8086000,4.6,45.4,99.9,57.27,38.9,2.04,1.4,2,19.9,5,21.5,ECU,-0.2166666667,-78.5
1001450,104124440,6.08,4.44,24.1,4.4,42.8,17.1,73.7,100,98.5,4,71.2,13,1.204e+12,11.7,34.3,54,29950000,12.2,103,100,46.92,0.1,0.8,1.4,1,32,NA,27.8,EGY,30.05,31.25
21041,6481102,7.23,7.6,27.7,5.9,73.4,11.8,74.8,97.4,98.3,3,88.5,12,5.117e+10,12,27.7,60.3,2774000,7,67.9,98.6,33.82,13.6,1.57,1.2,2,24.6,3.8,32.7,SLV,13.7,-89.2
28051,836178,4.69,3.92,20.3,7.3,73.1,59.7,65.7,67.6,76.2,7,95.3,NA,3.152e+10,2.5,54.6,42.9,195200,8.6,37.4,67.9,26.24,57.5,0.4,2.1,3,8,NA,44,GNQ,3.75,8.7833333333
117600,6081196,3.8,4,20.3,6.9,41.3,43.3,66.2,57.8,15.7,5,76.6,5,9.402e+09,11.7,29.6,58.7,2710000,5.8,131.2,46.7,1.31,15.1,0.06,0.7,2,5,NA,50,ERI,15.3333333333,38.9333333333
45228,1228624,13.58,21,43.7,12.9,69.2,3.7,77.4,100,100,1,99.8,16,4.165e+10,2.8,29.2,68.1,670200,5.8,9,100,89.36,52.1,3.46,4.7,1,21.2,5.2,21.1,EST,59.4333333333,24.7166666667
17364,1104479,4.36,3.83,23.7,10.1,24.2,42.8,58.6,78.3,85,5,88.4,11,1.16e+10,6.5,45,48.6,427900,28,28.4,65.8,47,31.7,0.33,2.1,1,16.5,7.1,63,SWZ,-26.3166666667,31.1333333333
1104300,108113150,4.42,3.38,19.8,5.9,21.7,35.8,67.5,68.9,14.7,9,51.8,8,2.006e+11,34.8,21.6,43.6,52820000,17.5,54.2,42.9,18.62,12.2,0.1,0.3,3,4.5,4.7,29.6,ETH,9.0333333333,38.7
12173,3198,NA,NA,NA,4.9,78.5,NA,77.9,92,100,NA,NA,NA,206400000,41,20.6,38.4,1850,1,0,NA,98.3,0,NA,NA,NA,NA,NA,NA,FLK,-51.7,-57.85
1393,51628,12,17.41,37.2,8.8,42.4,5.1,80.8,99,100,NA,NA,NA,2001000000,18,39,43,27540,2.2,35,100,97.58,0.1,2.62,4.1,NA,NA,NA,10,FRO,62,-6.7666666667
18274,935974,9.25,7.34,29.9,6.3,57.2,8.8,73.7,93.8,98,2,99.1,NA,8.629e+09,13.5,17.4,69.1,353100,4.5,48.9,98.6,49.97,55.7,0.86,2,2,30.2,3.9,31,FJI,-18.1333333333,178.4166666667
338145,5571665,13.02,22.26,42.8,10.3,85.5,2.5,81.3,100,100,NA,NA,19,2.449e+11,2.7,28.2,69.1,2473000,8.5,61.3,100,88.89,72.9,3.81,3.3,NA,22.2,6.9,NA,FIN,60.1666666667,24.9333333333
551500,67848156,12.47,20.46,41.7,9.6,81,3.2,82.2,100,100,0,NA,15,2.856e+12,1.7,19.5,78.8,30680000,9.4,96.8,100,82.04,29.2,3.26,6,NA,21.6,5.4,14.2,FRA,48.8666666667,2.3333333333
4167,295121,10.31,9.04,33.3,5.5,62,4.5,77.9,100,96.9,2,NA,NA,5.49e+09,2.5,13,84.5,126300,21.8,NA,100,72.7,43.7,2.13,NA,2,NA,NA,19.7,PYF,-17.5333333333,-149.5666666667
267667,2230908,5.19,3.98,21,5.9,90.1,30.4,69,93.8,74.8,7,84.7,NA,3.666e+10,5,44.7,50.4,557800,28,62.7,91.4,62,81,0.68,6.3,3,15,2.7,34.3,GAB,0.3833333333,9.45
11300,2173999,4.4,3.69,21.8,6.7,62.6,54.9,65.8,87.1,66.3,9,50.8,9,5.556e+09,20.4,14.2,65.4,777100,NA,88,47.8,19.84,43.9,0.1,1.1,3,10.3,2.1,48.4,GMB,13.45,-16.5666666667
360,1918221,3.66,2.68,18,3,76.7,14.9,74.9,96.8,99.8,NA,97.2,13,NA,3,21.1,75,1240000,27.9,NA,98,57.4,NA,2.77,1.3,NA,NA,5.3,30,PSE,NA,NA
69700,3997000,13.24,16.85,38.6,11,59.5,13.8,77,98.4,91.1,NA,99.4,15,3.985e+10,8.2,23.7,67.9,1998000,11.8,44.9,100,63.97,39.4,6.13,2.9,NA,21.7,3.8,9.2,GEO,41.6833333333,44.8333333333
357022,80159662,15.74,22.99,47.8,12.1,77.5,3.3,81.1,100,100,NA,NA,17,4.199e+12,0.7,30.7,68.6,45900000,3.8,63.9,100,89.74,31.8,4.25,8,NA,22.3,4.8,16.7,DEU,52.5166666667,13.4
238533,29340248,5.21,4.44,21.4,6.6,57.3,32.1,68.2,89.9,68.7,10,76.6,12,1.34e+11,18.3,24.5,57.2,12490000,11.9,71.8,79.3,39,21.2,0.14,0.9,3,10.9,3.6,24.2,GHA,5.55,-0.2166666667
6.5,29581,8.71,16.7,35.5,8.6,100,5.6,80,100,100,NA,NA,NA,2044000000,0,0,100,24420,1,7.5,NA,94.4,0,NA,NA,NA,NA,NA,NA,GIB,36.1333333333,-5.35
131957,10607051,13.1,22.43,45.3,12,79.7,3.7,81.1,100,100,NA,97.7,18,2.993e+11,4.1,16.9,79.1,4769000,21.5,181.8,100,72.95,30.5,5.48,4.2,NA,24.9,NA,36,GRC,37.9833333333,23.7333333333
2166086,57616,14.66,10.36,34.3,9,87.3,8.3,73.4,100,100,NA,100,NA,2.413e+09,15.9,10.1,73.9,26840,9.1,13,100,69.48,0,1.87,14,NA,NA,NA,16.2,GRL,64.1833333333,-51.75
344,113094,11.69,10.89,33.3,8.3,36.5,8.9,75.2,96.8,93.7,NA,98.6,17,1634000000,6.8,15.5,77.7,55270,24,70.4,92.3,59.07,50,1.41,3.6,NA,21.3,3.2,38,GRD,12.05,-61.75
544,168485,10.5,9.54,29.4,6,94.9,10.8,77,100,89.8,NA,NA,NA,5.793e+09,NA,NA,58.4,73210,4.5,22.1,100,80.51,47.9,NA,NA,NA,NA,NA,23,GUM,13.4666666667,144.7333333333
108889,17153288,5.41,4.7,23.2,4.9,51.8,21.8,72.4,95.2,76.7,5,81.5,11,1.381e+11,13.3,23.4,63.2,6664000,2.3,24.7,91.8,65,33.6,0.36,0.4,2,21.2,2.8,59.3,GTM,14.6166666667,-90.5166666667
78,67052,13.96,20.23,44.3,9.2,31,3.3,82.8,94.2,98,NA,NA,NA,3.465e+09,3,10,87,31470,1.2,NA,100,83.3,NA,NA,NA,NA,NA,NA,NA,GGY,49.45,-2.5333333333
245857,12527440,4.73,3.91,19.1,8.4,36.5,52.4,63.2,79.9,53,9,30.4,9,2.797e+10,19.8,32.1,48.1,5558000,2.7,37.9,33.5,18,26.5,0.08,0.3,3,7.7,2.2,47,GIN,9.5,-13.7
36125,1927104,3.12,3.08,18,7.9,44.2,51.9,62.8,73.5,36.2,9,59.9,NA,3.171e+09,50,13.1,36.9,731300,NA,53.9,14.7,3.93,55.2,0.13,1,3,9.5,2.1,67,GNB,11.85,-15.5833333333
214969,750204,8.37,7.01,27.5,7.5,26.8,27.6,69.5,96.7,96,6,88.5,11,6.301e+09,15.4,15.3,69.3,313800,11.1,52.2,84.2,37.33,77.4,0.8,1.7,3,20.2,6.3,35,GUY,6.8,-58.15
27750,11067777,5.3,4.33,24.1,7.4,57.1,42.6,65.3,75,62.1,7,61.7,NA,1.997e+10,22.1,20.3,57.6,4594000,40.6,31.1,38.7,32.47,3.6,0.23,0.7,3,22.7,2.4,58.5,HTI,18.5333333333,-72.3333333333
412,NA,NA,NA,NA,NA,NA,NA,NA,NA,NA,NA,NA,NA,NA,NA,NA,NA,NA,NA,NA,NA,NA,0,NA,NA,NA,NA,NA,NA,HMD,NA,NA
0.44,1000,NA,NA,NA,NA,100,NA,NA,100,NA,NA,NA,NA,NA,NA,NA,NA,4822,NA,NA,NA,NA,0,NA,NA,NA,NA,NA,NA,VAT,41.9,12.45
112090,9235340,5.58,5.4,24.4,4.7,58.4,14.6,74.6,94.8,90.2,5,87.2,10,4.63e+10,14.2,28.8,57,3735000,5.6,39.5,87.6,31.7,45.3,0.31,0.6,2,21.4,6,29.6,HND,14.1,-87.2166666667
1108,7249907,17.24,18.48,45.6,7.9,100,2.7,83.2,100,96.4,NA,NA,16,4.805e+11,0.1,7.6,92.3,3965000,3.1,0.1,100,89.42,0,1.96,5.4,NA,NA,3.3,19.9,HKG,NA,NA
93028,9771827,12.17,20.69,43.6,12.9,71.9,4.7,76.7,100,100,1,99.1,15,2.896e+11,3.9,31.3,64.8,4599000,4.2,73.6,100,76.07,22.5,3.34,7,1,26.4,4.7,14.9,HUN,47.5,19.0833333333
103000,350734,11.94,15.47,37.1,6.6,93.9,2.1,83.3,100,100,NA,NA,19,1.818e+10,5.8,19.7,74.6,198700,2.8,40,100,99.01,0.3,3.98,3.1,NA,21.9,7.5,NA,ISL,64.15,-21.95
3287263,1326093247,7.91,6.72,28.7,7.3,34.9,35.4,69.7,92.7,72,10,74.4,12,9.474e+12,15.4,23,61.5,521900000,8.5,71.2,84.5,34.45,23.1,0.78,0.5,3,3.9,3.8,21.9,IND,28.6,77.2
1904569,267026366,8.99,7.82,31.1,6.6,56.6,20.4,73.7,90.8,85.4,5,95.7,13,3.25e+12,13.7,41,45.4,125000000,5.4,28.8,97.6,39.79,51.7,0.38,1,3,6.9,3.6,10.9,IDN,-6.1666666667,106.8166666667
1648195,84923314,7.72,5.87,31.7,5.3,75.9,14.9,74.5,97.2,98.1,2,85.5,15,1.64e+12,9.6,35.3,55,30500000,11.8,39.5,100,70,6.8,1.13,1.6,1,25.8,4,18.7,IRN,35.7,51.4166666667
438317,38872655,4.23,3.33,21.2,3.9,70.9,19.5,72.6,97.9,95.2,3,50.1,NA,6.493e+11,3.3,51,45.8,8900000,16,59.7,100,49.36,1.9,0.84,1.3,1,30.4,NA,23,IRQ,33.3333333333,44.4
70273,5176569,10.77,13.82,37.8,6.8,63.7,3.6,81.2,97.4,98.2,NA,NA,19,3.533e+11,1.2,38.6,60.2,2226000,6.7,68.6,100,84.52,10.9,3.29,3,NA,25.3,3.7,8.2,IRL,53.3166666667,-6.2333333333
572,90499,13.82,21.08,44.6,10.4,52.9,3.9,81.6,100,NA,NA,NA,NA,6.792e+09,1,13,86,41790,1.1,NA,100,NA,6.1,NA,NA,NA,NA,NA,NA,IMN,54.15,-4.4833333333
21937,8675475,8.4,11.96,30.4,5.3,92.6,3.3,83,100,100,NA,97.8,16,3.171e+11,2.4,26.5,69.5,4021000,4.2,60.9,100,79.7,7.1,3.48,3,NA,26.1,5.8,22,ISR,31.7666666667,35.2333333333
301340,62402659,14,22.08,46.5,10.7,71,3.2,82.5,100,98.8,0,99.2,16,2.317e+12,2.1,23.9,73.9,25940000,11.3,131.8,100,74.39,31.4,3.98,3.2,NA,19.9,3.8,29.9,ITA,41.9,12.4833333333
10991,2808570,9.63,9.17,29.4,7.5,56.3,11.6,75.2,96,99,NA,88.7,NA,2.606e+10,7,21.1,71.9,1348000,12.2,101,98.2,55.07,31.1,1.31,1.7,NA,24.7,5.4,17.1,JAM,18,-76.8
377915,125507472,12.06,29.18,48.6,10.2,91.8,1.9,86,100,100,0,NA,15,5.443e+12,1.1,30.1,68.7,65010000,2.9,237.6,100,84.59,68.5,2.41,13.1,NA,4.3,3.5,16.1,JPN,35.6833333333,139.75
116,101073,13.22,17.05,37.5,7.9,31,3.6,82.2,94.2,98.5,NA,NA,NA,5.569e+09,2,2,96,59950,4,NA,100,59.6,0,NA,NA,NA,NA,NA,NA,JEY,49.1833333333,-2.1
89342,10820644,5.11,3.67,23.5,3.4,91.4,12.8,75.5,98.9,98.5,NA,98.2,13,8.9e+10,4.5,28.8,66.6,2295000,18.3,95.9,100,66.79,1.1,2.32,1.5,NA,35.5,3.6,14.2,JOR,31.95,35.9333333333
2724900,19091949,10.25,8.43,31.6,8.2,57.7,17.9,72,97.4,99.9,NA,99.8,15,4.786e+11,4.7,34.1,61.2,8970000,5,20.8,100,78.9,1.2,3.98,6.1,NA,21,2.8,2.6,KAZ,51.1666666667,71.4166666667
580367,53527936,4.01,3.07,20,5.2,28,29.8,69,68,51.2,9,81.5,11,1.637e+11,34.5,17.8,47.5,19600000,40,54.2,56,17.83,6.1,0.2,1.4,3,7.1,5.2,36.1,KEN,-1.2833333333,36.8166666667
811,111796,6.65,4.59,25.7,6.9,55.6,29.2,67.5,71.6,61.1,2,NA,12,227000000,23,7,70,39000,30.6,26.3,84.9,14.58,15,0.2,1.9,2,46,NA,NA,KIR,1.35,173.0333333333
120538,25643466,11.2,9.65,34.6,9.4,62.4,20,71.6,94.5,84.5,NA,100,11,4e+10,22.5,47.6,29.9,14000000,25.6,NA,26,NA,46,3.68,13.2,NA,6.8,NA,NA,PRK,39.0166666667,125.75
99720,51835110,15.47,15.92,43.2,6.8,81.4,3,82.6,100,100,0,98,17,2.035e+12,2.2,39.3,58.3,27750000,3.7,39.5,100,95.9,63.9,2.36,12.3,NA,4.7,5.3,14.4,KOR,37.55,126.9833333333
10887,1932774,8.67,7.75,30.5,7,NA,30.2,72.7,NA,NA,NA,NA,NA,1.96e+10,11.9,17.7,70.4,500300,30.5,21.2,100,89.44,41.7,NA,NA,NA,NA,NA,17.6,OWID_KOS,42.6666666667,21.1666666667
17818,2993706,5.43,2.92,29.7,2.3,100,6.5,78.6,100,100,NA,96.1,14,2.897e+11,0.4,58.7,40.9,2695000,1.1,20.6,100,99.6,0.4,2.65,2,NA,37.9,NA,NA,KWT,29.3666666667,47.9666666667
199951,5964897,8.09,5.8,27.3,6.3,36.9,23.3,71.8,89.3,99.3,NA,99.6,13,2.315e+10,14.6,31.2,54.2,2841000,7.1,56,100,38,5.1,2.21,4.4,NA,16.6,7.2,32.1,KGZ,42.8666666667,74.6
236800,7447396,5.73,4.13,24,7.2,36.3,45.6,65.7,82.1,77.2,6,84.7,11,4.934e+10,20.9,33.2,45.9,3582000,0.7,63.6,87.1,25.51,67.9,0.49,1.5,3,5.3,2.9,22,LAO,17.9666666667,102.6
64589,1881232,14.77,20.5,44.4,14.6,68.3,5,75.4,98.6,94.3,1,99.9,16,5.402e+10,3.9,22.4,73.7,990000,8.7,36.3,100,83.58,54.1,3.19,5.6,1,23.6,5.3,25.5,LVA,56.95,24.1
10400,5469612,9.62,7.96,33.7,5.4,88.9,6.8,78.3,100,99,NA,95.1,11,8.825e+10,3.9,13.1,83,2166000,9.7,146.8,100,78.18,13.4,2.03,2.7,NA,32,2.5,28.6,LBN,33.8666666667,35.5
30355,1969334,4.98,5.6,24.7,15.4,29,41.5,53,78.2,62.4,3,79.4,11,6.656e+09,5.8,39.2,54.9,930800,28.1,33.7,29.7,29,1.5,0.07,NA,1,16.6,6.4,57,LSO,-29.3166666667,27.4833333333
111369,5073296,3.46,2.83,18,7,52.1,47.4,64.7,81,44.1,9,48.3,NA,6.112e+09,34,13.8,52.2,1677000,2.8,34.4,19.8,7.98,44.6,0.04,0.8,3,9.9,3.8,54.1,LBR,6.3,-10.8
1759540,6890535,5.52,4.04,25.8,3.5,80.7,11.5,76.7,98.5,100,NA,91,NA,6.197e+10,1.3,52.3,46.4,1114000,30,4.7,98.5,21.76,0.1,2.09,3.2,NA,32.5,NA,NA,LBY,32.8833333333,13.1666666667
160,39137,14.41,18.88,43.7,7.8,14.4,4.2,82.2,100,98,NA,NA,15,4.978e+09,7,41,52,38520,2.4,NA,100,98.1,43.1,NA,NA,NA,NA,2.6,NA,LIE,47.1333333333,9.5166666667
65300,2731464,15.1,20.45,44.5,15,68,3.8,75.5,97.5,95.5,1,99.8,16,9.147e+10,3.5,29.4,67.2,1467000,7.1,39.7,100,79.72,34.6,4.83,6.6,1,26.3,4.2,22.2,LTU,54.6833333333,25.3166666667
2586,628381,12.19,15.37,39.5,7.3,91.5,3.3,82.6,99,100,NA,NA,14,6.211e+10,0.3,12.8,86.9,282800,5.8,23,100,97.06,33.5,3.01,4.7,NA,22.6,3.9,NA,LUX,49.6,6.1166666667
28.2,614458,14.57,12.56,40.8,4.9,100,3.1,84.6,100,NA,NA,96.5,16,7.733e+10,0,6.3,93.7,400000,2,0,100,83.79,0,2.41,NA,NA,NA,2.7,NA,MAC,NA,NA
587041,26955737,4.6,3.47,20.3,6.2,38.5,37.8,67.3,55.5,26.1,7,74.8,10,3.985e+10,24,19.5,56.4,13400000,1.8,36,22.9,9.8,21.5,0.18,0.2,3,5.3,2.8,70.7,MDG,-18.9166666667,47.5166666667
118484,21196629,2.98,2.68,16.8,7.2,17.4,39.5,63.2,88.7,39.6,8,62.1,11,2.242e+10,28.6,15.4,56,7000000,20.4,59.2,11,13.78,34,0.02,1.3,3,5.8,4,50.7,MWI,-13.9666666667,33.7833333333
329847,32652083,8.81,6.9,29.2,5.3,77.2,11.4,75.9,96.7,100,3,93.7,13,9.333e+11,8.8,37.6,53.6,14940000,3.4,54.1,100,81.2,62,1.54,1.9,1,15.6,4.7,3.8,MYS,3.1666666667,101.7
298,391904,6.91,4.81,29.5,4.1,40.7,19.8,76.4,100,100,NA,97.7,NA,6.901e+09,3,16,81,222200,2.9,63.9,100,63.19,3,3.72,4.3,NA,8.6,4.1,15,MDV,4.1666666667,73.5
1240192,19553397,3.68,3.02,16,9,43.9,64,61.6,82.9,54.2,9,35.5,7,4.122e+10,41.8,18.1,40.5,6447000,7.9,35.4,35.1,13,10.2,0.14,0.1,3,8.6,3.1,36.1,MLI,12.65,-8
316,457267,12.88,21.3,42.3,8.3,94.7,4.6,82.8,100,100,NA,94.5,16,1.926e+10,1.1,10.2,88.7,206300,4.6,50.7,100,81.4,0.9,2.86,4.5,NA,28.9,5.3,16.3,MLT,35.8833333333,14.5
181,77917,5.92,4.7,23.8,4.3,77.8,17.4,74.1,99.8,89.1,2,98.3,NA,196000000,4.4,9.9,85.7,10670,36,25.5,93.1,38.7,49.3,0.42,2.7,2,52.9,NA,NA,MHL,7.1,171.3833333333
1030700,4005475,4.9,3.92,21,7.5,55.3,47.9,64.5,84.4,56,8,53.5,8,1.728e+10,27.8,29.3,42.9,1437000,10.2,96.6,41.7,20.8,0.2,0.18,NA,3,12.7,2.6,31,MRT,18.0666666667,-15.9666666667
2040,1379365,12.31,11.08,36.3,7.3,40.8,9,76.5,100,99.5,NA,91.3,15,2.827e+10,4,21.8,74.1,633900,7.1,64,100,58.6,17.3,2.6,3.4,NA,10.8,4.8,8,MUS,-20.15,57.4833333333
1964375,128649565,8.29,7.67,29.3,5.4,80.7,10.7,76.7,100,97.8,3,95.4,14,2.463e+12,3.6,31.9,64.5,54510000,3.4,54.3,100,65.77,33.3,2.38,1.5,1,28.9,4.9,46.2,MEX,19.4333333333,-99.1333333333
702,102436,7.24,4.62,26.3,4.3,22.9,17.8,73.9,78.6,88.3,2,NA,NA,348000000,26.3,18.9,54.8,37920,16.2,24.5,75.4,35.3,74.5,NA,3.2,2,45.8,12.5,26.7,FSM,6.9166666667,158.15
33851,3364496,13.26,14.03,37.7,12.6,42.8,11.1,71.9,90.5,87.2,NA,99.4,12,2.372e+10,17.7,20.3,62,1295000,4.1,31.5,100,76.12,11.9,3.21,5.8,NA,18.9,6.7,9.6,MDA,47,28.85
2,39000,15.47,35.15,55.4,10.8,100,1.9,89.3,100,100,NA,NA,NA,7.672e+09,0,14,86,52000,2,NA,100,97.05,0,7.51,13.8,NA,NA,1.5,NA,MCO,43.7333333333,7.4166666667
1564116,3168026,8.04,4.78,29.8,6.3,68.7,19.2,70.8,85.4,86.5,NA,98.4,15,4.354e+10,12.1,38.2,49.7,1241000,8,91.4,81.8,23.71,7,2.86,8,NA,20.6,4.1,29.6,MNG,47.9166666667,106.9166666667
13812,609859,13.41,16.02,39.6,10.4,67.5,3.4,77.3,99.8,97.8,2,98.8,15,1.108e+10,7.5,15.9,76.6,273200,16.1,67.2,100,71.52,40.4,2.38,3.9,1,23.3,NA,8.6,MNE,42.4333333333,19.2666666667
102,5373,9.79,6.55,34.8,6,9.1,11.1,75.3,99,82.9,NA,NA,NA,167400000,1.9,7.8,90.3,4521,5.6,NA,NA,54.6,25,NA,NA,NA,NA,5.1,NA,MSR,16.7,-62.2166666667
446550,35561654,8.67,7.11,29.1,6.6,63.5,18.2,73.3,91,92.2,NA,73.8,13,2.986e+11,14,29.5,56.5,12000000,10.2,65.1,100,64.8,11.5,0.73,1,NA,26.1,5.3,15,MAR,34.0166666667,-6.8166666667
799380,30098197,3.31,2.93,17,11,37.1,64.7,55.9,70.7,34.1,8,60.7,10,3.709e+10,23.9,19.3,56.8,12900000,24.5,102.1,24.2,10,43.7,0.08,0.7,3,7.2,6.5,46.1,MOZ,-25.95,32.5833333333
824292,2630073,4.68,3.9,21.8,7.3,52,31.4,65.3,89.7,46.9,5,91.5,NA,2.66e+10,6.7,26.3,67,956800,34,41.3,51.8,51,8.8,0.59,2.7,2,17.2,3.1,28.7,NAM,-22.5666666667,17.0833333333
21,11000,6.72,3.48,27,6,100,7.4,68.4,100,96.3,2,NA,9,160000000,6.1,33,60.8,NA,23,62,NA,57,0,1.35,5,2,61,NA,NA,NRU,NA,NA
147181,30327877,6.64,5.69,25.3,5.7,20.6,25.1,71.8,91.5,75.7,7,67.9,12,7.919e+10,27,13.5,59.5,16810000,3,26.4,90.7,34,25.4,0.91,0.3,2,4.1,5.2,25.2,NPL,27.7166666667,85.3166666667
41543,17280397,13.69,19.82,42.8,9.2,92.2,3.5,81.7,100,100,NA,NA,18,9.244e+11,1.6,17.9,70.2,7969000,4.9,56.5,100,94.71,10.8,3.61,3.3,NA,20.4,5.5,8.8,NLD,52.35,4.9166666667
18575,290009,9.06,9.84,32.9,5.9,71.5,5,78.4,100,100,2,96.9,NA,1.111e+10,1.4,26.4,72.1,119500,14.7,6.5,100,74,45.9,2.22,NA,2,NA,NA,17,NCL,-22.2666666667,166.45
268838,4925477,11.93,15.54,37.2,6.9,86.7,3.5,82.1,100,100,NA,NA,19,1.89e+11,5.7,21.5,72.8,2655000,4.7,31.7,100,90.81,31.4,3.47,2.7,NA,30.8,6.4,NA,NZL,-41.3,174.7833333333
130370,6203441,6.63,5.82,27.3,5.2,59,16.5,74.2,83.1,80.1,5,82.6,NA,3.64e+10,15.5,24.4,60,3046000,6.4,33.3,81.8,27.86,25.3,1.01,0.9,2,23.7,4.3,29.6,NIC,12.1333333333,-86.25
1267000,22772361,3.17,2.68,14.8,10.2,16.6,67.7,59.3,65.2,23.3,9,19.1,6,2.186e+10,41.6,19.5,38.7,6500000,0.3,45.3,16.2,5.25,1,0.04,0.4,3,5.5,3.5,45.4,NER,13.5166666667,2.1166666667
923768,214028302,4.13,3.3,18.6,9.1,52,59.8,60.4,77.9,59.7,12,62,9,1.121e+12,21.1,22.5,56.4,60080000,16.5,21.8,59.3,42,9.5,0.45,NA,3,8.9,NA,70,NGA,9.0833333333,7.5333333333
260,2000,NA,NA,NA,NA,46.2,NA,NA,98.2,96.8,2,NA,NA,10010000,23.5,26.9,49.5,663,12,NA,NA,91.6,71.2,NA,NA,2,50,NA,NA,NIU,-19.0166666667,-169.9166666667
36,1748,NA,NA,NA,NA,NA,NA,NA,NA,NA,NA,NA,NA,NA,NA,NA,NA,978,NA,NA,NA,34.6,11.5,NA,NA,NA,NA,NA,NA,NFK,-29.05,167.9666666667
25713,2125971,12.55,14.17,39,9.6,58.5,7.4,76.3,99.4,100,NA,97.8,13,3.103e+10,10.9,26.6,62.5,950800,22.4,39.3,100,79.17,39.8,2.87,4.3,NA,22.4,NA,21.5,MKD,42,21.4333333333
464,51433,14.01,7.23,32.8,5.3,91.8,11.5,76.1,100,97.7,NA,NA,NA,1242000000,1.7,58.1,40.2,27970,11.2,7.1,100,30.6,65.5,NA,NA,NA,NA,NA,NA,MNP,15.2,145.75
323802,5467439,11.84,17.43,39.5,8.1,83,2.5,82.1,100,100,NA,NA,18,3.812e+11,2.3,33.7,64,2797000,4.2,36.5,100,96.49,27.8,2.83,3.6,NA,23.1,8,NA,NOR,59.9166666667,10.75
309500,4664844,4.02,3.68,26.2,3.3,86.3,11.7,76.3,100,100,NA,95.7,15,1.901e+11,1.8,46.4,51.8,2255000,NA,46.9,99,80.19,0,1.96,1.5,NA,27,6.8,NA,OMN,23.6166666667,58.5833333333
796095,233500636,5.55,4.44,22,6.2,37.2,52.3,69.2,91.5,70.1,7,59.1,8,1.061e+12,24.4,19.1,56.5,63890000,6,67,74,15.51,2.1,1,0.6,2,8.6,2.9,29.5,PAK,33.6833333333,73.05
459,21685,10.68,9.45,33.9,8.3,81,9.8,74.1,100,100,2,96.6,17,264000000,3,19,78,11610,1.7,24.1,99.3,36,87.6,1.42,4.8,2,55.3,NA,24.9,PLW,7.5,134.6166666667
75420,3894082,8.54,9.01,30.1,5.1,68.4,9.1,79.2,98.3,89.1,2,95.4,13,1.041e+11,2.4,15.7,82,1633000,6,37.8,93.4,57.87,43.6,1.57,2.3,1,22.7,3.2,23,PAN,8.9666666667,-79.5333333333
462840,7259456,5.83,4.64,24,6.7,13.3,33.2,67.8,43,15.2,5,64.2,NA,3.019e+10,22.1,42.9,35,3681000,2.5,36.9,22.9,11.21,63.1,0.05,NA,3,21.3,NA,37,PNG,-9.45,147.1833333333
406752,7191685,8.37,7.88,29.7,4.9,62.2,16.9,77.9,100,93.1,4,94,12,8.891e+10,17.9,27.7,54.5,3428000,5.7,19.5,98.4,64.99,43.8,1.37,0.8,1,20.3,3.4,22.2,PRY,-25.2666666667,-57.6666666667
1285216,31914989,8.28,8.05,29.1,6.2,78.3,16.7,74.7,92.1,85.2,6,94.4,15,4.303e+11,7.6,32.7,59.9,17030000,6.9,25.4,95,52.54,53,1.3,1.6,3,19.7,3.9,22.7,PER,-12.05,-77.05
300000,109180815,6.18,4.86,24.1,6,47.4,20,70,95.4,91.4,10,98.2,13,8.772e+11,9.6,30.6,59.8,42780000,5.7,39.9,88,60.05,25.9,0.6,1,2,6.4,2.7,21.6,PHL,14.6,120.9666666667
47,50,NA,NA,NA,NA,0,NA,NA,NA,NA,2,NA,NA,NA,NA,NA,NA,15,NA,NA,NA,100,74.5,NA,NA,2,NA,NA,NA,PCN,-25.0666666667,-130.0833333333
312685,38282325,13.32,18.72,41.9,10.6,60,4.3,78.3,100,99.8,1,99.8,16,1.126e+12,2.4,40.2,57.4,17600000,4.9,50.6,100,77.54,30.6,2.38,6.6,1,23.1,4.6,17.6,POL,52.25,21
92090,10302674,13.08,20.92,44.6,10.8,66.3,2.6,81.1,100,100,NA,96.1,16,3.141e+11,2.2,22.1,75.7,5233000,8.9,125.7,100,74.66,37.8,5.12,3.4,NA,20.8,4.9,19,PRT,38.7166666667,-9.1333333333
9104,3189068,13.5,21.77,43.6,9.5,93.6,6,81.3,97,97.2,NA,92.4,16,1.3e+11,0.8,50.1,49.1,1139000,10.8,51.6,100,70.6,63.2,3.06,NA,NA,NA,6.1,NA,PRI,18.4666666667,-66.1166666667
11586,2444174,3.53,1.19,33.7,1.6,99.2,5.7,79.4,100,100,NA,93.5,12,3.395e+11,0.2,50.3,49.5,1953000,8.9,53.8,100,99.65,0,2.69,1.3,NA,35.1,2.9,NA,QAT,25.2833333333,51.5333333333
238391,21302893,11.73,17.58,42.5,12,54.2,8.7,76,100,84.3,NA,98.8,14,4.834e+11,4.2,33.2,62.6,8951000,4.9,36.8,100,70.68,28.7,2.98,6.9,NA,22.5,3.1,22.4,ROU,44.4333333333,26.1
17098242,141722205,14.31,15.53,40.3,13.4,74.8,6.5,71.9,97.1,90.5,3,99.7,16,4.016e+12,4.7,32.4,62.3,76530000,5.2,15.5,100,80.86,49.4,4.01,8.1,1,23.1,3.7,13.3,RUS,55.75,37.6
26338,12712431,4.24,2.65,19.7,6.1,17.4,28,65.1,79.5,80.9,6,73.2,11,2.468e+10,30.9,17.6,51.5,6227000,2.7,40.5,43,21.77,18,0.14,NA,3,5.8,3.1,39.1,RWA,-1.95,30.05
25,7122,16.29,19.35,45.6,8.7,NA,5.6,80.2,NA,NA,NA,NA,NA,NA,NA,NA,NA,NA,NA,NA,NA,NA,NA,NA,NA,NA,NA,NA,NA,BLM,17.8833333333,-62.85
394,7862,12.96,16.71,43.2,8.3,40.1,12,80,100,NA,NA,NA,NA,31100000,NA,NA,NA,2486,14,NA,NA,23.1,5.1,NA,NA,NA,NA,NA,NA,SHN,-15.9333333333,-5.7166666667
261,53821,13.03,10,36.5,7.3,30.8,7.8,76.6,98.3,87.3,NA,NA,14,1550000000,1.1,30,68.9,18170,4.5,62.9,100,80.71,42.3,2.68,4.8,NA,22.9,2.6,NA,KNA,17.3,-62.7166666667
616,166487,11.23,13.1,36.9,8.1,18.8,10.1,78.5,100,99.2,NA,NA,NA,2.542e+09,2.9,14.2,82.8,79700,20,70.7,97.8,50.82,77,0.64,1.3,NA,19.7,3.8,NA,LCA,14,-61
54.4,32556,8.71,9.17,33.3,4.6,NA,5.6,80.2,NA,NA,NA,NA,NA,561500000,1,15,84,17300,NA,NA,72,3.5,NA,NA,NA,NA,NA,NA,NA,MAF,18.0666666667,-63.0833333333
242,5347,14.49,22.37,48.5,10.9,90,6.1,81,91.4,NA,NA,NA,NA,261300000,2,15,83,4429,8.7,NA,NA,79.5,12.5,NA,NA,NA,NA,NA,NA,SPM,46.7666666667,-56.1833333333
389,101390,11.68,10.72,35.3,7.6,53,11,76.2,95.1,90.2,NA,NA,NA,1265000000,7.1,17.4,75.5,57520,18.8,73.8,100,22.39,68.7,0.66,4.3,NA,23.7,5.8,NA,VCT,13.1333333333,-61.2166666667
2831,203774,7.5,6.18,25.6,5.4,17.9,17,74.7,97.4,98.2,2,99.1,NA,1137000000,10.4,23.6,66,50700,5.2,49.1,100,33.61,60.4,0.34,NA,2,47.3,4.1,NA,WSM,-13.8166666667,-171.7666666667
61,34232,14.28,20.24,45.2,9,97.5,4.2,83.5,100,100,NA,99.9,15,2064000000,0.1,39.2,60.7,21960,8.1,24.1,100,60.18,0,6.11,3.8,NA,NA,3,NA,SMR,43.9333333333,12.4166666667
964,211122,4.17,2.87,19.3,6.3,74.4,41.7,66.3,96.8,49.1,6,92.8,12,686000000,11.8,14.8,73.4,72600,12.2,88.4,68,29.93,28.1,0.05,2.9,2,12.4,4.9,66.2,STP,0.3333333333,6.7333333333
2149690,34173498,5.95,3.63,30.8,3.4,84.3,11.3,76.2,100,100,0,95.3,17,1.775e+12,2.6,44.2,53.2,13800000,6,17.2,99,93.31,0.5,2.54,2.2,NA,35.4,NA,NA,SAU,24.65,46.7
196722,15736368,4.21,3.1,19.4,7.6,48.1,45.7,63.2,83.3,68.4,9,51.9,9,5.48e+10,16.9,24.3,58.8,6966000,48,48.3,65,46,43.8,0.07,0.3,3,8.8,4.8,46.7,SEN,14.7333333333,-17.6333333333
77474,7012165,13.7,20,43.4,13.5,56.4,5.6,76.3,99.2,97.6,1,98.3,15,1.057e+11,9.8,41.1,49.1,2920000,14.1,62.5,100,73.36,31.6,3.11,5.6,1,21.5,4,8.9,SRB,44.8333333333,20.5
455,95981,11.46,8.27,36.8,7.1,57.5,9.3,75.6,96.2,100,NA,95.9,16,2.75e+09,2.5,13.8,83.7,47210,3,63.6,100,58.77,88.5,2.12,3.6,NA,14,4.4,39.3,SYC,-4.6166666667,55.45
71740,6624933,3.89,3.7,19.1,9.8,42.9,63.6,59.8,69.8,49.6,7,43.2,NA,1.155e+10,60.7,6.5,32.9,2972000,15,63.9,20,9,37.5,0.03,NA,3,8.7,4.6,70.2,SLE,8.4833333333,-13.2333333333
719.2,6209660,10.58,10.89,35.6,3.6,100,2.3,86,100,100,NA,97.3,16,5.281e+11,0,24.8,75.2,3657000,2.2,111.1,100,88.17,3.3,2.29,2.5,NA,6.1,2.9,NA,SGP,1.2833333333,103.85
34,43847,17.47,11.55,41.1,5.8,100,7.5,78.8,95.1,NA,NA,NA,NA,365800000,0.4,18.3,81.3,23200,12,NA,100,NA,NA,NA,NA,NA,NA,NA,NA,SXM,18.0166666667,-63.0333333333
49035,5440602,13.15,17.05,41.8,10.1,53.8,4.9,77.8,100,100,NA,NA,15,1.797e+11,3.8,35,61.2,2758000,8.1,50.9,100,80.66,40.2,3.42,5.8,NA,20.5,3.9,12.3,SVK,48.15,17.1166666667
20273,2102678,14.19,21.23,44.9,10.3,55.1,1.7,81.4,100,99.1,NA,99.7,17,7.123e+10,1.8,32.2,65.9,959000,6.6,73.6,100,79.75,62.3,3.09,4.5,NA,20.2,4.8,13.9,SVN,46.05,14.5166666667
28896,685097,5.04,4.51,23.5,3.8,24.7,13.4,76.2,73.6,29.8,2,NA,NA,1330000000,34.3,7.6,58.1,202500,NA,9.4,47.9,11.92,78.9,0.19,1.4,2,22.5,9.9,NA,SLB,-9.4333333333,159.95
637657,11757124,4.61,2.27,18.5,12.4,46.1,89.5,54,83.8,23.6,10,NA,NA,2.044e+10,60.2,7.4,32.5,4154000,NA,76.7,17,2,10.6,0.02,0.9,3,8.3,NA,NA,SOM,2.0666666667,45.3333333333
1219090,56463617,6.8,6.09,28,9.3,67.4,27.8,64.8,95.5,66.4,4,87,14,7.672e+11,2.8,29.7,67.5,22190000,27.5,53,84.2,56.17,7.6,0.91,2.3,1,28.3,6.2,16.6,ZAF,-25.7,28.2166666667
3903,NA,NA,NA,NA,NA,NA,NA,NA,NA,NA,NA,NA,NA,NA,NA,NA,NA,NA,NA,NA,NA,NA,0,NA,NA,NA,NA,NA,NA,SGS,NA,NA
644329,10561244,3.93,2.53,18.6,11.4,20.2,69.9,55.5,74.3,6.7,11,34.5,NA,2.001e+10,NA,NA,NA,NA,NA,62.7,8.9,7.98,0,NA,NA,3,6.6,1,66,SSD,4.85,31.6166666667
505370,50015792,12.99,18.49,43.9,9.3,80.8,3.2,82,100,99.9,0,98.4,18,1.778e+12,2.6,23.2,74.2,22750000,17.2,98.4,100,86.11,36.8,3.87,3,NA,23.8,4.2,21.1,ESP,40.4,-3.6833333333
65610,22889201,10.48,10.63,33.7,6.5,18.7,7.8,77.5,92.6,95.1,3,91.9,14,2.758e+11,7.8,30.5,61.7,8937000,4.4,79.1,95.6,34.11,29.4,0.93,4.2,1,5.2,2.8,6.7,LKA,6.9166666667,79.8333333333
1861484,45561556,4.13,3.03,18.3,6.5,35.3,41.8,66.5,87,23.6,11,60.7,8,1.774e+11,39.6,2.6,57.8,11920000,19.6,121.6,45,30.87,0,0.26,0.7,3,6.6,2.2,46.5,SDN,15.6,32.5333333333
163820,609569,8.78,6.55,31,6.2,66.1,22.1,73.3,96.6,79.2,6,94.4,NA,8.688e+09,11.6,31.1,57.4,144000,8.9,69.3,87.2,48.95,94.6,1.23,3,3,26.4,NA,70,SUR,5.8333333333,-55.1666666667
62045,2926,NA,NA,NA,NA,NA,NA,NA,NA,NA,NA,NA,NA,NA,NA,NA,NA,1590,NA,NA,NA,NA,0,NA,NA,NA,NA,NA,NA,SJM,78.2166666667,15.6333333333
450295,10202491,11.9,20.59,41.1,9.4,88,2.6,82.4,100,99.3,NA,NA,19,5.18e+11,1.6,33,65.4,5361000,6.7,40.8,100,92.14,68.7,3.98,2.2,NA,20.6,7.7,15,SWE,59.3333333333,18.05
41277,8403994,13.48,18.73,42.7,8.5,73.9,3.5,82.8,100,99.9,NA,NA,16,5.231e+11,0.7,25.6,73.7,5159000,3.2,41.8,100,89.69,31.5,4.3,4.7,NA,19.5,5.1,6.6,CHE,46.9166666667,7.4666666667
187437,19398448,5.41,4.46,23.5,4.5,55.5,16.5,73.7,99.4,95.7,NA,86.4,9,5.028e+10,20,19.5,60.8,3767000,50,94.8,92,34.25,2.7,1.29,1.4,NA,27.8,5.1,82.5,SYR,33.5,36.3
35980,23603049,14.73,15.72,42.3,7.9,78.9,4.2,80.6,NA,NA,NA,98.5,NA,1.189e+12,1.8,36,62.1,11780000,3.8,35.7,NA,92.78,NA,NA,NA,NA,NA,NA,1.5,TWN,25.0333333333,121.5166666667
144100,8873669,6.23,3.63,25.3,5.8,27.5,28.8,69,83.5,95,4,99.8,11,2.843e+10,28.6,25.5,45.9,2295000,2.4,50.4,100,21.96,2.9,2.1,4.7,2,14.2,5.2,31.5,TJK,38.55,68.7666666667
947300,58552845,3.52,3.08,18.2,7.1,35.2,36.4,63.9,68.2,15.6,8,77.9,8,1.625e+11,23.4,28.6,47.6,24890000,10.3,37,33,25,37.3,0.01,0.7,3,8.4,3.4,22.8,TZA,-6.8,39.2833333333
513120,68977400,13.01,11.82,39,8.3,51.4,8.6,75.6,100,93,4,92.9,15,1.236e+12,8.2,36.2,55.6,38370000,0.7,41.9,100,56.82,37.2,0.81,2.1,3,10,4.1,7.2,THA,13.75,100.5166666667
14874,1383723,5.22,4.06,19.6,5.7,31.3,31.7,69.3,80.7,40.6,5,68.1,13,7.426e+09,9.1,56.7,34.4,286700,4.4,3.8,63.4,27.49,49.1,0.75,NA,3,3.8,3.8,41.8,TLS,-8.5833333333,125.6
56785,8608444,4.42,3.57,20,6.5,42.8,38.5,66.6,70.9,11.6,10,63.7,13,1.297e+10,28.8,21.8,49.8,2595000,6.9,75.7,36,12.36,4.9,0.03,0.7,3,8.4,5,55.1,TGO,6.1166666667,1.2166666667
12,1647,NA,NA,NA,NA,0,NA,NA,100,90.5,2,NA,NA,1500000,NA,NA,NA,440,NA,NA,NA,60.2,0,2.72,NA,2,NA,NA,NA,TKL,NA,NA
747,106095,6.17,6.83,24.1,4.9,23.1,10.3,77,100,91,2,99.4,NA,591000000,19.9,20.3,59.8,33800,1.1,48,97,41.25,12.5,0.54,2.6,2,48.2,NA,22.5,TON,-21.1333333333,-175.2
5128,1208789,13.83,12.11,37.8,9.1,53.2,20.1,73.9,99.3,91.5,NA,99,NA,4.285e+10,0.4,47.8,51.7,629400,4.9,41.8,100,77.33,44,3.36,3,NA,18.6,NA,20,TTO,10.65,-61.5166666667
163610,11721177,10.12,8.86,32.7,6.4,69.6,11,76.3,98.2,91.6,NA,81.8,15,1.377e+11,10.1,26.2,63.8,4054000,15.5,70.3,100,64.19,6.6,1.3,2.2,NA,26.9,6.6,15.5,TUN,36.8,10.1833333333
783562,82017514,9.25,8.35,32.2,6.1,76.1,15.8,75.7,98.9,94.9,0,96.2,18,2.186e+12,6.8,32.3,60.7,31300000,10.9,28.3,100,71.04,14.9,1.85,2.8,NA,32.1,4.3,21.9,TUR,39.9333333333,32.8666666667
488100,5528627,8.56,5.38,29.2,6.1,52.5,30.8,71.3,100,99.1,NA,99.7,11,1.037e+11,7.5,44.9,47.7,2305000,11,28.8,100,21.25,8.8,2.22,4,NA,18.6,3.1,0.2,TKM,37.95,58.3833333333
948,55926,7.81,5.17,34.6,3.4,93.6,9.3,80.3,94.3,NA,NA,NA,NA,632000000,0.5,8.9,90.6,4848,10,NA,95.7,NA,36.2,NA,NA,NA,NA,2.8,NA,TCA,21.4666666667,-71.1333333333
26,11342,9.12,6.68,26.6,8.2,64,26.6,67.9,99,83.3,NA,NA,NA,42000000,24.5,5.6,70,3615,NA,37,99.4,49.32,33.3,0.91,NA,NA,51.6,NA,26.3,TUV,-8.5166666667,179.2166666667
241038,43252966,2.91,2.38,15.7,5.3,25,32.6,68.2,80.8,19.1,9,76.5,10,8.919e+10,28.2,21.1,50.7,15840000,9.4,40,20,23.71,14.5,0.17,0.5,3,5.3,2.6,21.4,UGA,0.3166666667,32.55
603550,43922939,13.87,17.03,41.2,14,69.6,7.4,72.9,99.4,95.9,NA,99.8,15,3.696e+11,12.2,28.6,60,17990000,9.2,71,100,58.89,16.8,2.99,7.5,NA,24.1,5.4,3.8,UKR,50.4333333333,30.5166666667
83600,9992083,7.68,1.9,38.4,2,87,5.3,79,100,97.6,NA,93.8,14,6.96e+11,0.9,49.8,49.2,5344000,1.6,19.7,100,98.45,3.8,2.44,1.4,NA,31.7,NA,19.5,ARE,24.4666666667,54.3666666667
243610,65761117,12.73,18.48,40.6,9.5,83.9,4.1,81.1,100,99.2,0,NA,19,2.925e+12,0.7,20.2,79.2,33500000,4.4,87.5,100,94.9,11.9,2.79,2.5,NA,27.8,5.5,15,GBR,51.5,-0.0833333333
9833517,332639102,12.86,16.85,38.5,8.3,82.7,5.3,80.3,99,100,NA,NA,16,1.949e+13,0.9,19.1,80,160400000,4.4,78.8,100,87.27,33.3,2.61,NA,NA,36.2,5,15.1,USA,38.8833333333,-77.0333333333
176215,3387605,10.79,14.71,35.5,9.3,95.5,7.8,77.9,99.7,96.4,NA,98.7,NA,7.816e+10,6.2,24.1,69.7,1748000,7.6,65.7,100,68.28,10.2,5.08,2.4,NA,27.9,4.9,9.7,URY,-34.85,-56.1666666667
447400,30565411,8.63,5.87,30.1,5.4,50.4,16.3,74.8,97.8,100,NA,100,12,2.23e+11,17.9,33.7,48.5,18120000,5,24.3,100,52.31,7.7,2.37,4,NA,16.6,6.3,14,UZB,41.3166666667,69.25
12189,298333,5.89,4.39,23,4,25.5,12.7,74.6,92.3,57.9,2,87.5,NA,772000000,27.3,11.8,60.8,115900,1.7,48.4,57.8,25.72,36.1,0.17,NA,2,25.2,4.7,NA,VUT,-17.7333333333,168.3166666667
912050,28644603,8.76,8.18,30,7.5,88.3,27.9,71,95.7,94.4,4,97.1,14,3.816e+11,4.7,40.4,54.9,14210000,27.1,38.9,99.6,72,52.1,NA,0.9,2,25.6,6.9,19.7,VEN,10.4833333333,-66.8666666667
331210,98721275,9.55,6.91,31.9,6,37.3,15.7,74.4,94.7,78,6,95,NA,6.487e+11,15.3,33.3,51.3,54800000,2.2,58.5,99,70.35,45,0.83,2.6,3,2.1,5.7,8,VNM,21.0333333333,105.85
1910,106235,14.16,19.19,41.8,8.5,95.9,7.4,79.8,98.7,96.4,NA,NA,NA,3.872e+09,2,20,78,48550,10.4,53.3,100,64.38,57.4,NA,NA,NA,NA,NA,28.9,VIR,18.35,-64.9333333333
142,15854,9.92,11.23,34,5.7,0,4.2,80.2,100,96,2,NA,NA,60000000,NA,NA,NA,4482,8.8,5.6,NA,22.1,41.9,NA,NA,2,NA,NA,NA,WLF,-13.95,-171.9333333333
5860,2900034,5.12,3.62,21.9,3.4,76.7,12.8,75.9,96.8,92.3,NA,97.2,13,2.122e+10,2.9,19.5,77.6,1240000,27.9,24.4,100,57.4,1.5,1.45,1.3,NA,NA,5.3,18,PSE,NA,NA
266000,652271,5.27,4.1,21.8,7.7,86.8,47.9,64.5,NA,NA,NA,NA,NA,906500000,NA,NA,40,144000,NA,NA,NA,NA,2.7,NA,NA,NA,NA,NA,NA,ESH,NA,NA
527968,29884405,4,2.8,19.8,5.6,37.9,41.9,66.9,92,53.3,6,70.1,9,7.363e+10,20.3,11.8,67.9,7425000,27,74.5,47,26.72,1,0.53,0.7,2,17.1,NA,54,YEM,15.35,44.2
752618,17426623,3.01,2.27,16.9,11.6,44.6,56,53.6,67.5,43.9,8,86.7,NA,6.893e+10,7.5,35.3,57,6898000,15,63.1,33,14.3,66.3,0.16,2,3,8.1,NA,54.4,ZMB,-15.4166666667,28.2833333333
390757,14546314,4.07,4.52,20.5,9.3,32.2,30.3,62.3,77.3,36.8,8,86.5,10,3.427e+10,12,22.2,65.8,7907000,11.3,82.3,34,27.06,39.5,0.19,1.7,2,15.5,6.1,72.3,ZWE,-17.8166666667,31.0333333333
